<?xml version="1.0" encoding="UTF-8"?>
<project-private xmlns="http://www.netbeans.org/ns/project-private/1">
    <editor-bookmarks xmlns="http://www.netbeans.org/ns/editor-bookmarks/2" lastBookmarkId="0"/>
    <open-files xmlns="http://www.netbeans.org/ns/projectui-open-files/2">
        <group>
            <file>file:/D:/jubn/S/Acade/EsDaIn/EM2019/apoCH/Problemas61y62DblLnkdLists/src/Problema62DblLnkdLists/DoubleNode.java</file>
            <file>file:/D:/jubn/S/Acade/EsDaIn/EM2019/apoCH/Problemas61y62DblLnkdLists/src/Problema61DblLnkdLists/DoubleIterator.java</file>
            <file>file:/D:/jubn/S/Acade/EsDaIn/EM2019/apoCH/Problemas61y62DblLnkdLists/src/Problema62DblLnkdLists/DoubleIterator.java</file>
            <file>file:/D:/jubn/S/Acade/EsDaIn/EM2019/apoCH/Problemas61y62DblLnkdLists/src/Problema62DblLnkdLists/Revista.java</file>
            <file>file:/D:/jubn/S/Acade/EsDaIn/EM2019/apoCH/Problemas61y62DblLnkdLists/src/Problema61DblLnkdLists/Problema61Main.java</file>
            <file>file:/D:/jubn/S/Acade/EsDaIn/EM2019/apoCH/Problemas61y62DblLnkdLists/src/Problema62DblLnkdLists/Problema62Main.java</file>
            <file>file:/D:/jubn/S/Acade/EsDaIn/EM2019/apoCH/Problemas61y62DblLnkdLists/src/Problema61DblLnkdLists/DoublyLinkedOrderedList.java</file>
            <file>file:/D:/jubn/S/Acade/EsDaIn/EM2019/apoCH/Problemas61y62DblLnkdLists/src/Problema62DblLnkdLists/Libro.java</file>
            <file>file:/D:/jubn/S/Acade/EsDaIn/EM2019/apoCH/Problemas61y62DblLnkdLists/src/Problema62DblLnkdLists/MaterialBibliografico.java</file>
            <file>file:/D:/jubn/S/Acade/EsDaIn/EM2019/apoCH/Problemas61y62DblLnkdLists/src/DblLnkdListsExceptions/ElementNotFoundException.java</file>
            <file>file:/D:/jubn/S/Acade/EsDaIn/EM2019/apoCH/Problemas61y62DblLnkdLists/src/DblLnkdListsExceptions/EmptyCollectionException.java</file>
            <file>file:/D:/jubn/S/Acade/EsDaIn/EM2019/apoCH/Problemas61y62DblLnkdLists/src/Problema61DblLnkdLists/DoubleNode.java</file>
            <file>file:/D:/jubn/S/Acade/EsDaIn/EM2019/apoCH/Problemas61y62DblLnkdLists/src/Problema62DblLnkdLists/DoublyLinkedOrderedList.java</file>
            <file>file:/D:/jubn/S/Acade/EsDaIn/EM2019/apoCH/Problemas61y62DblLnkdLists/src/Problema62DblLnkdLists/Divulgacion.java</file>
            <file>file:/D:/jubn/S/Acade/EsDaIn/EM2019/apoCH/Problemas61y62DblLnkdLists/src/DblLnkdListsExceptions/NonComparableElementException.java</file>
            <file>file:/D:/jubn/S/Acade/EsDaIn/EM2019/apoCH/Problemas61y62DblLnkdLists/src/Problema62DblLnkdLists/Cientifica.java</file>
        </group>
    </open-files>
</project-private>
