<?xml version="1.0" encoding="UTF-8"?>
<project-private xmlns="http://www.netbeans.org/ns/project-private/1">
    <editor-bookmarks xmlns="http://www.netbeans.org/ns/editor-bookmarks/2" lastBookmarkId="0"/>
    <open-files xmlns="http://www.netbeans.org/ns/projectui-open-files/2">
        <group>
            <file>file:/C:/Users/jlgut/Documents/ITAM/Programación/Estructuras%20de%20datos/matBK/EjerSets01a/src/ProbleSets33y34y35/Prob37.java</file>
            <file>file:/C:/Users/jlgut/Documents/ITAM/Programación/Estructuras%20de%20datos/matBK/EjerSets01a/src/ProbleSets33y34y35/Prob35QMain.java</file>
            <file>file:/C:/Users/jlgut/Documents/ITAM/Programación/Estructuras%20de%20datos/matBK/EjerSets01a/src/ProbleSets33y34y35/Persona.java</file>
        </group>
    </open-files>
</project-private>
