<?xml version="1.0" encoding="UTF-8"?>
<project-private xmlns="http://www.netbeans.org/ns/project-private/1">
    <editor-bookmarks xmlns="http://www.netbeans.org/ns/editor-bookmarks/2" lastBookmarkId="0"/>
    <open-files xmlns="http://www.netbeans.org/ns/projectui-open-files/2">
        <group>
            <file>file:/D:/jubn/S/Acade/EsDaIn/EM2019/matCG/LnkStrCollec08a/src/Problema51Lists/PaisesDeAmerica.java</file>
            <file>file:/D:/jubn/S/Acade/EsDaIn/EM2019/matCG/LnkStrCollec08a/src/Problema51Lists/Problema51ListsMain.java</file>
            <file>file:/D:/jubn/S/Acade/EsDaIn/EM2019/matCG/LnkStrCollec08a/src/Problema50Lists/Problema50ListsMainU.java</file>
            <file>file:/D:/jubn/S/Acade/EsDaIn/EM2019/matCG/LnkStrCollec08a/src/Problema50Lists/Problema50ListsMain.java</file>
        </group>
    </open-files>
</project-private>
