<?xml version="1.0" encoding="UTF-8"?>
<project-private xmlns="http://www.netbeans.org/ns/project-private/1">
    <editor-bookmarks xmlns="http://www.netbeans.org/ns/editor-bookmarks/1"/>
    <editor-bookmarks xmlns="http://www.netbeans.org/ns/editor-bookmarks/2" lastBookmarkId="0"/>
    <open-files xmlns="http://www.netbeans.org/ns/projectui-open-files/2">
        <group>
            <file>file:/D:/jubn/S/Acade/EsDaIn/EM2019/matCHsol/ab/FinalEDdiciembre2012/src/finaleddiciembre2012/ListaDoblementeEnlazada.java</file>
            <file>file:/D:/jubn/S/Acade/EsDaIn/EM2019/matCHsol/ab/FinalEDdiciembre2012/src/finaleddiciembre2012/Main2.java</file>
            <file>file:/D:/jubn/S/Acade/EsDaIn/EM2019/matCHsol/ab/FinalEDdiciembre2012/src/finaleddiciembre2012/ListaDoblementeEnlazadaOrdenada.java</file>
        </group>
    </open-files>
</project-private>
